Test_Name,Target_RPS,Actual_RPS,Duration,Total_Requests,Successful_Requests,Failed_Requests,Success_Rate,Total_Time
rps_3_dur_5s_20251023_093847,3,1.16,5,6,6,0,100.0,5.151
rps_5_dur_10s_20251023_205404,5,4.77,10,50,50,0,100.0,10.479
rps_5_dur_10s_20251023_214520,5,0.0,10,50,0,50,0.0,10.0
rps_5_dur_5s_20251023_094153,5,4.3,5,25,25,0,100.0,5.814
rps_10_dur_10s_20251023_214530,10,0.0,10,100,0,100,0.0,10.001
rps_10_dur_10s_20251023_205414,10,9.45,10,100,100,0,100.0,10.578
rps_100_dur_10s_20251023_094322,100,33.5,10,1000,1000,0,100.0,29.851
rps_100_dur_10s_20251023_214540,100,0.0,10,1000,0,1000,0.0,10.005
rps_100_dur_10s_20251023_205425,100,63.01,10,1000,1000,0,100.0,15.87
