request_id,timestamp,end_to_end_ms,status_code
1,0.000,10.0,200
2,0.010,45.0,200
3,0.020,41.0,200
4,0.030,36.0,200
5,0.040,45.0,200
7,0.060,68.0,200
6,0.050,77.0,200
8,0.070,91.0,200
9,0.080,104.0,200
10,0.090,98.0,200
11,0.100,108.0,200
12,0.110,107.0,200
13,0.120,121.0,200
14,0.130,125.0,200
15,0.140,118.0,200
16,0.150,111.0,200
18,0.170,133.0,200
17,0.160,144.0,200
19,0.180,152.0,200
21,0.200,160.0,200
20,0.190,188.0,200
22,0.210,172.0,200
23,0.220,181.0,200
24,0.230,168.0,200
25,0.240,201.0,200
26,0.250,209.0,200
28,0.270,209.0,200
27,0.260,223.0,200
30,0.290,233.0,200
29,0.280,250.0,200
31,0.300,236.0,200
32,0.310,231.0,200
35,0.340,226.0,200
33,0.320,258.0,200
34,0.330,251.0,200
36,0.350,287.0,200
38,0.370,296.0,200
37,0.360,312.0,200
39,0.380,312.0,200
40,0.390,306.0,200
41,0.400,307.0,200
43,0.420,305.0,200
42,0.410,316.0,200
45,0.440,311.0,200
44,0.430,323.0,200
46,0.450,307.0,200
47,0.460,311.0,200
48,0.470,325.0,200
49,0.480,334.0,200
50,0.490,355.0,200
51,0.500,412.0,200
52,0.510,404.0,200
53,0.520,433.0,200
54,0.530,428.0,200
55,0.540,429.0,200
56,0.550,442.0,200
57,0.560,435.0,200
58,0.570,443.0,200
59,0.580,453.0,200
60,0.590,448.0,200
61,0.600,454.0,200
63,0.620,444.0,200
62,0.610,459.0,200
64,0.630,462.0,200
66,0.650,453.0,200
65,0.640,461.0,200
67,0.660,482.0,200
68,0.670,485.0,200
69,0.680,496.0,200
70,0.690,525.0,200
71,0.700,543.0,200
72,0.710,550.0,200
73,0.720,590.0,200
74,0.730,605.0,200
76,0.750,588.0,200
75,0.740,622.0,200
77,0.760,608.0,200
78,0.770,628.0,200
79,0.780,635.0,200
80,0.790,630.0,200
81,0.800,628.0,200
82,0.810,654.0,200
84,0.830,642.0,200
83,0.820,649.0,200
85,0.840,659.0,200
86,0.850,793.0,200
87,0.860,784.0,200
88,0.870,797.0,200
90,0.890,784.0,200
91,0.900,785.0,200
89,0.880,808.0,200
93,0.920,806.0,200
92,0.910,806.0,200
94,0.930,810.0,200
95,0.940,817.0,200
96,0.950,810.0,200
97,0.960,857.0,200
98,0.970,850.0,200
100,0.990,867.0,200
99,0.980,890.0,200
101,1.000,907.0,200
102,1.010,913.0,200
103,1.020,926.0,200
104,1.030,933.0,200
105,1.040,929.0,200
106,1.050,991.0,200
107,1.060,1000.0,200
108,1.070,1009.0,200
109,1.080,1017.0,200
110,1.090,1014.0,200
111,1.100,1007.0,200
112,1.110,1004.0,200
113,1.120,1017.0,200
114,1.130,1033.0,200
115,1.140,1028.0,200
116,1.150,1025.0,200
117,1.160,1069.0,200
119,1.180,1055.0,200
118,1.170,1069.0,200
120,1.190,1075.0,200
121,1.200,1105.0,200
122,1.210,1100.0,200
123,1.220,1115.0,200
124,1.230,1121.0,200
125,1.240,1133.0,200
127,1.260,1130.0,200
126,1.250,1240.0,200
128,1.270,1259.0,200
129,1.280,1265.0,200
130,1.290,1268.0,200
131,1.300,1263.0,200
133,1.320,1244.0,200
132,1.310,1270.0,200
136,1.350,1248.0,200
134,1.330,1272.0,200
135,1.340,1285.0,200
137,1.360,1306.0,200
138,1.370,1319.0,200
139,1.380,1341.0,200
140,1.390,1342.0,200
141,1.400,1385.0,200
142,1.410,1404.0,200
143,1.420,1398.0,200
144,1.430,1424.0,200
145,1.440,1441.0,200
146,1.450,1436.0,200
149,1.480,1426.0,200
147,1.460,1477.0,200
148,1.470,1484.0,200
150,1.490,1474.0,200
151,1.500,1469.0,200
154,1.530,1349.0,200
162,1.610,1347.0,200
153,1.520,1349.0,200
155,1.540,1357.0,200
158,1.570,1364.0,200
157,1.560,1373.0,200
156,1.550,1377.0,200
164,1.630,1378.0,200
163,1.620,1388.0,200
161,1.600,1383.0,200
152,1.510,1400.0,200
159,1.580,1413.0,200
160,1.590,1407.0,200
166,1.650,1401.0,200
165,1.640,1432.0,200
167,1.660,1422.0,200
168,1.670,1556.0,200
169,1.680,1585.0,200
170,1.690,1581.0,200
171,1.700,1601.0,200
172,1.710,1600.0,200
173,1.721,1607.0,200
174,1.730,1603.0,200
175,1.740,1602.0,200
177,1.760,1595.0,200
176,1.750,1607.0,200
178,1.770,1607.0,200
179,1.780,1616.0,200
180,1.790,1628.0,200
181,1.800,1638.0,200
182,1.810,1694.0,200
183,1.820,1688.0,200
184,1.830,1729.0,200
185,1.840,1733.0,200
186,1.850,1726.0,200
187,1.860,1742.0,200
189,1.881,1729.0,200
188,1.870,1742.0,200
191,1.900,1730.0,200
190,1.890,1751.0,200
193,1.920,1760.0,200
192,1.910,1796.0,200
195,1.940,1781.0,200
194,1.930,1829.0,200
196,1.950,1824.0,200
197,1.960,1825.0,200
198,1.970,1890.0,200
199,1.980,1908.0,200
201,2.000,1917.0,200
200,1.990,1934.0,200
202,2.010,1954.0,200
203,2.020,1952.0,200
204,2.030,1956.0,200
205,2.040,1944.0,200
206,2.050,1977.0,200
208,2.070,1962.0,200
207,2.060,2000.0,200
210,2.090,1989.0,200
209,2.080,2005.0,200
211,2.100,1999.0,200
212,2.110,1995.0,200
213,2.120,2039.0,200
215,2.140,2059.0,200
214,2.130,2074.0,200
217,2.160,2062.0,200
216,2.150,2100.0,200
218,2.170,2101.0,200
219,2.180,2118.0,200
221,2.200,2122.0,200
220,2.190,2139.0,200
222,2.210,2150.0,200
223,2.220,2166.0,200
224,2.230,2164.0,200
225,2.240,2164.0,200
226,2.250,2216.0,200
227,2.260,2219.0,200
228,2.270,2230.0,200
229,2.280,2229.0,200
231,2.300,2220.0,200
232,2.310,2242.0,200
233,2.320,2245.0,200
234,2.330,2272.0,200
230,2.290,2308.0,200
235,2.340,2264.0,200
236,2.350,2258.0,200
238,2.370,2240.0,200
237,2.360,2265.0,200
239,2.380,2237.0,200
240,2.390,2247.0,200
241,2.400,2266.0,200
242,2.410,2254.0,200
244,2.430,2240.0,200
243,2.420,2254.0,200
246,2.450,2233.0,200
245,2.440,2256.0,200
247,2.460,2232.0,200
248,2.470,2234.0,200
249,2.480,2224.0,200
251,2.500,2224.0,200
250,2.490,2253.0,200
252,2.510,2226.0,200
253,2.520,2418.0,200
255,2.540,2458.0,200
254,2.530,2467.0,200
256,2.550,2449.0,200
257,2.560,2518.0,200
258,2.570,2587.0,200
259,2.580,2582.0,200
260,2.590,2596.0,200
261,2.600,2623.0,200
262,2.610,2612.0,200
263,2.620,2617.0,200
264,2.630,2625.0,200
266,2.651,2620.0,200
265,2.640,2632.0,200
267,2.660,2637.0,200
269,2.680,2624.0,200
268,2.670,2655.0,200
271,2.700,2649.0,200
270,2.690,2669.0,200
272,2.710,2677.0,200
273,2.720,2722.0,200
275,2.740,2736.0,200
276,2.750,2734.0,200
274,2.730,2718.0,200
277,2.760,2751.0,200
278,2.770,2754.0,200
279,2.780,2768.0,200
280,2.790,2768.0,200
282,2.810,2766.0,200
281,2.800,2790.0,200
283,2.820,2835.0,200
284,2.830,2847.0,200
285,2.840,2840.0,200
286,2.850,2843.0,200
287,2.860,2834.0,200
288,2.870,2847.0,200
290,2.890,2853.0,200
289,2.880,2869.0,200
291,2.900,2889.0,200
292,2.910,2911.0,200
294,2.930,2913.0,200
293,2.920,2936.0,200
295,2.940,2941.0,200
296,2.950,2929.0,200
297,2.960,2958.0,200
299,2.980,3003.0,200
298,2.970,3019.0,200
300,2.990,3043.0,200
301,3.000,3049.0,200
302,3.010,3072.0,200
303,3.020,3073.0,200
304,3.030,3119.0,200
305,3.040,3122.0,200
306,3.050,3113.0,200
308,3.070,3098.0,200
307,3.060,3125.0,200
310,3.090,3094.0,200
309,3.080,3112.0,200
322,3.210,2962.0,200
316,3.150,2980.0,200
324,3.230,2971.0,200
319,3.180,2978.0,200
313,3.120,2983.0,200
314,3.130,2990.0,200
315,3.140,2984.0,200
311,3.100,2999.0,200
318,3.170,3004.0,200
312,3.110,3000.0,200
320,3.190,2990.0,200
317,3.160,2995.0,200
321,3.200,3007.0,200
323,3.220,3019.0,200
325,3.240,3032.0,200
326,3.250,3026.0,200
327,3.260,3016.0,200
328,3.270,3048.0,200
329,3.280,3042.0,200
330,3.290,3065.0,200
331,3.300,3061.0,200
332,3.310,3049.0,200
333,3.320,3065.0,200
334,3.330,3085.0,200
335,3.340,3119.0,200
336,3.350,3298.0,200
337,3.360,3295.0,200
338,3.370,3309.0,200
339,3.380,3324.0,200
341,3.400,3320.0,200
340,3.390,3330.0,200
342,3.410,3317.0,200
343,3.420,3333.0,200
345,3.440,3331.0,200
344,3.430,3349.0,200
346,3.450,3369.0,200
347,3.460,3368.0,200
348,3.470,3372.0,200
349,3.480,3371.0,200
350,3.490,3403.0,200
351,3.500,3416.0,200
352,3.510,3424.0,200
353,3.520,3456.0,200
354,3.530,3466.0,200
355,3.540,3504.0,200
356,3.550,3528.0,200
358,3.570,3554.0,200
357,3.560,3577.0,200
359,3.580,3558.0,200
361,3.600,3580.0,200
360,3.590,3605.0,200
362,3.610,3613.0,200
365,3.640,3607.0,200
364,3.630,3624.0,200
363,3.620,3636.0,200
368,3.670,3627.0,200
366,3.650,3639.0,200
367,3.660,3632.0,200
370,3.690,3644.0,200
369,3.680,3657.0,200
371,3.700,3665.0,200
372,3.710,3651.0,200
373,3.720,3648.0,200
374,3.730,3638.0,200
375,3.740,3634.0,200
376,3.750,3642.0,200
377,3.760,3638.0,200
378,3.770,3652.0,200
379,3.780,3666.0,200
382,3.810,3649.0,200
383,3.820,3643.0,200
381,3.800,3665.0,200
380,3.790,3685.0,200
385,3.840,3647.0,200
386,3.850,3664.0,200
384,3.830,3681.0,200
387,3.860,3665.0,200
389,3.880,3656.0,200
388,3.870,3662.0,200
390,3.890,3666.0,200
391,3.900,3664.0,200
392,3.910,3646.0,200
393,3.920,3667.0,200
394,3.930,3699.0,200
396,3.950,3743.0,200
397,3.960,3775.0,200
395,3.940,3788.0,200
398,3.970,3889.0,200
399,3.980,3972.0,200
400,3.990,4067.0,200
401,4.000,4095.0,200
403,4.020,4078.0,200
402,4.010,4102.0,200
404,4.030,4085.0,200
405,4.040,4102.0,200
406,4.050,4089.0,200
407,4.060,4105.0,200
409,4.080,4093.0,200
408,4.070,4118.0,200
411,4.100,4312.0,200
410,4.090,4334.0,200
412,4.110,4320.0,200
413,4.120,4320.0,200
414,4.130,4330.0,200
416,4.150,4323.0,200
415,4.140,4340.0,200
417,4.160,4325.0,200
418,4.170,4371.0,200
419,4.180,4356.0,200
420,4.190,4382.0,200
421,4.200,4390.0,200
422,4.210,4425.0,200
423,4.220,4435.0,200
424,4.230,4452.0,200
425,4.240,4456.0,200
426,4.250,4466.0,200
427,4.260,4474.0,200
428,4.270,4497.0,200
429,4.280,4492.0,200
430,4.290,4500.0,200
431,4.300,4521.0,200
433,4.320,4519.0,200
432,4.310,4530.0,200
434,4.330,4519.0,200
436,4.350,4571.0,200
435,4.340,4584.0,200
438,4.370,4581.0,200
437,4.360,4601.0,200
440,4.390,4583.0,200
439,4.380,4611.0,200
442,4.410,4636.0,200
441,4.400,4658.0,200
443,4.420,4643.0,200
444,4.430,4649.0,200
445,4.440,4658.0,200
446,4.450,4659.0,200
447,4.460,4677.0,200
448,4.470,4666.0,200
449,4.480,4673.0,200
450,4.490,4682.0,200
451,4.500,4709.0,200
452,4.510,4724.0,200
453,4.520,4745.0,200
454,4.530,4750.0,200
456,4.550,4779.0,200
455,4.540,4791.0,200
458,4.570,4773.0,200
457,4.560,4780.0,200
459,4.580,4801.0,200
460,4.590,4843.0,200
461,4.600,4852.0,200
462,4.610,4889.0,200
464,4.630,4907.0,200
463,4.620,4967.0,200
466,4.650,4943.0,200
465,4.640,4965.0,200
467,4.660,4948.0,200
468,4.670,4947.0,200
469,4.680,4944.0,200
471,4.700,4950.0,200
470,4.690,4955.0,200
472,4.710,4995.0,200
473,4.720,5030.0,200
474,4.730,5055.0,200
475,4.740,5066.0,200
487,4.860,4910.0,200
490,4.890,4920.0,200
477,4.760,5055.0,200
478,4.770,4924.0,200
476,4.750,5072.0,200
489,4.880,4924.0,200
485,4.840,4915.0,200
488,4.870,4923.0,200
484,4.830,4927.0,200
481,4.800,4928.0,200
482,4.810,4928.0,200
491,4.900,4930.0,200
479,4.780,4938.0,200
486,4.850,4938.0,200
493,4.920,4913.0,200
483,4.820,4953.0,200
480,4.790,4975.0,200
492,4.910,4965.0,200
498,4.970,4904.0,200
494,4.930,4946.0,200
495,4.940,4920.0,200
499,4.980,4901.0,200
497,4.965,4911.0,200
501,5.000,4890.0,200
500,4.990,4899.0,200
496,4.962,4930.0,200
504,5.030,4889.0,200
503,5.020,4896.0,200
502,5.010,4912.0,200
505,5.040,4886.0,200
506,5.050,4873.0,200
508,5.070,4873.0,200
507,5.060,4877.0,200
510,5.090,4854.0,200
509,5.080,4873.0,200
511,5.100,4856.0,200
512,5.110,4854.0,200
513,5.120,4847.0,200
514,5.130,4842.0,200
515,5.140,4835.0,200
516,5.150,4842.0,200
518,5.170,4827.0,200
517,5.160,4886.0,200
519,5.180,4868.0,200
520,5.190,4895.0,200
521,5.200,4898.0,200
522,5.210,4911.0,200
523,5.220,4931.0,200
524,5.230,4932.0,200
525,5.240,4924.0,200
526,5.250,4919.0,200
527,5.260,4931.0,200
528,5.270,4958.0,200
529,5.280,5162.0,200
531,5.300,5213.0,200
530,5.290,5254.0,200
532,5.310,5287.0,200
533,5.320,5303.0,200
534,5.330,5305.0,200
536,5.350,5305.0,200
535,5.340,5333.0,200
537,5.360,5311.0,200
538,5.370,5306.0,200
539,5.380,5311.0,200
541,5.400,5303.0,200
540,5.390,5327.0,200
542,5.410,5340.0,200
543,5.420,5353.0,200
544,5.430,5348.0,200
545,5.440,5358.0,200
548,5.470,5332.0,200
546,5.450,5354.0,200
547,5.460,5354.0,200
549,5.480,5337.0,200
550,5.490,5343.0,200
551,5.500,5368.0,200
553,5.520,5390.0,200
552,5.510,5409.0,200
554,5.530,5397.0,200
555,5.540,5434.0,200
556,5.550,5441.0,200
557,5.560,5455.0,200
558,5.570,5490.0,200
559,5.580,5498.0,200
560,5.590,5501.0,200
561,5.600,5522.0,200
562,5.610,5546.0,200
564,5.630,5557.0,200
563,5.620,5562.0,200
566,5.650,5548.0,200
565,5.640,5551.0,200
567,5.660,5540.0,200
568,5.670,5538.0,200
569,5.680,5563.0,200
570,5.690,5581.0,200
571,5.700,5604.0,200
572,5.710,5610.0,200
573,5.720,5610.0,200
575,5.740,5595.0,200
574,5.730,5613.0,200
576,5.750,5594.0,200
577,5.760,5585.0,200
579,5.780,5616.0,200
578,5.770,5618.0,200
580,5.790,5643.0,200
581,5.800,5644.0,200
582,5.810,5636.0,200
583,5.820,5623.0,200
584,5.830,5632.0,200
585,5.840,5649.0,200
587,5.860,5664.0,200
586,5.850,5674.0,200
589,5.880,5657.0,200
588,5.870,5670.0,200
591,5.900,5654.0,200
590,5.890,5666.0,200
592,5.910,5649.0,200
593,5.920,5661.0,200
594,5.930,5658.0,200
595,5.940,5655.0,200
597,5.960,5669.0,200
598,5.970,5658.0,200
596,5.950,5671.0,200
600,5.990,5651.0,200
601,6.000,5645.0,200
599,5.980,5661.0,200
602,6.010,5653.0,200
610,6.090,5646.0,200
604,6.030,5657.0,200
607,6.060,5655.0,200
606,6.050,5657.0,200
603,6.020,5672.0,200
605,6.040,5665.0,200
611,6.100,5681.0,200
609,6.080,5681.0,200
608,6.070,5692.0,200
612,6.110,5687.0,200
613,6.120,5684.0,200
615,6.140,5698.0,200
614,6.130,5709.0,200
617,6.160,5738.0,200
616,6.150,5755.0,200
619,6.180,5828.0,200
618,6.170,5889.0,200
620,6.190,5897.0,200
622,6.210,5994.0,200
621,6.200,5999.0,200
623,6.220,6035.0,200
624,6.230,6033.0,200
628,6.270,6035.0,200
631,6.300,6039.0,200
629,6.280,6038.0,200
630,6.290,6039.0,200
627,6.260,6047.0,200
632,6.310,6043.0,200
626,6.250,6042.0,200
625,6.240,6068.0,200
633,6.320,6068.0,200
634,6.330,6066.0,200
635,6.340,6054.0,200
636,6.350,6060.0,200
637,6.360,6074.0,200
638,6.370,6091.0,200
639,6.380,6099.0,200
640,6.390,6090.0,200
641,6.400,6368.0,200
642,6.410,6428.0,200
643,6.420,6438.0,200
644,6.430,6431.0,200
645,6.440,6436.0,200
646,6.450,6440.0,200
656,6.550,6281.0,200
651,6.500,6288.0,200
652,6.510,6282.0,200
663,6.620,6287.0,200
657,6.560,6290.0,200
653,6.520,6285.0,200
660,6.590,6292.0,200
661,6.600,6295.0,200
662,6.610,6304.0,200
648,6.470,6295.0,200
647,6.460,6293.0,200
659,6.580,6301.0,200
658,6.570,6310.0,200
649,6.480,6333.0,200
650,6.490,6315.0,200
655,6.540,6338.0,200
665,6.640,6323.0,200
654,6.530,6356.0,200
664,6.630,6347.0,200
668,6.670,6318.0,200
666,6.650,6336.0,200
667,6.660,6322.0,200
669,6.680,6328.0,200
670,6.690,6332.0,200
671,6.700,6363.0,200
672,6.710,6366.0,200
673,6.720,6366.0,200
674,6.730,6360.0,200
675,6.740,6359.0,200
676,6.750,6372.0,200
677,6.760,6365.0,200
679,6.780,6373.0,200
678,6.770,6385.0,200
680,6.790,6390.0,200
682,6.810,6385.0,200
683,6.820,6385.0,200
681,6.800,6393.0,200
684,6.830,6389.0,200
685,6.840,6401.0,200
686,6.850,6410.0,200
687,6.860,6417.0,200
688,6.870,6420.0,200
689,6.880,6427.0,200
690,6.890,6446.0,200
691,6.900,6450.0,200
693,6.920,6451.0,200
692,6.910,6457.0,200
695,6.940,6453.0,200
694,6.930,6470.0,200
697,6.960,6455.0,200
696,6.950,6459.0,200
698,6.970,6460.0,200
699,6.980,6461.0,200
700,6.990,6461.0,200
703,7.020,6455.0,200
701,7.000,6484.0,200
704,7.030,6471.0,200
705,7.040,6473.0,200
702,7.010,6507.0,200
706,7.050,6500.0,200
707,7.061,6511.0,200
708,7.070,6520.0,200
710,7.090,6506.0,200
711,7.100,6507.0,200
709,7.080,6531.0,200
712,7.110,6514.0,200
713,7.120,6519.0,200
715,7.140,6503.0,200
714,7.130,6517.0,200
716,7.150,6515.0,200
717,7.160,6521.0,200
718,7.170,6522.0,200
720,7.190,6529.0,200
719,7.180,6557.0,200
722,7.210,6532.0,200
721,7.200,6546.0,200
725,7.240,6528.0,200
723,7.220,6546.0,200
724,7.230,6547.0,200
726,7.250,6606.0,200
728,7.270,6587.0,200
727,7.260,6593.0,200
729,7.280,6585.0,200
731,7.300,6602.0,200
730,7.290,6575.0,200
732,7.310,6596.0,200
733,7.320,6593.0,200
734,7.330,6613.0,200
735,7.340,6631.0,200
737,7.360,6687.0,200
736,7.350,6700.0,200
738,7.370,6692.0,200
739,7.380,6686.0,200
740,7.390,6698.0,200
742,7.410,6676.0,200
741,7.400,6705.0,200
745,7.440,6691.0,200
743,7.420,6713.0,200
744,7.430,6708.0,200
747,7.460,6707.0,200
746,7.450,6716.0,200
748,7.470,6722.0,200
750,7.490,6714.0,200
751,7.500,6722.0,200
749,7.480,6754.0,200
753,7.520,6733.0,200
752,7.510,6756.0,200
756,7.550,6724.0,200
754,7.530,6738.0,200
755,7.540,6756.0,200
759,7.580,6773.0,200
758,7.570,6806.0,200
763,7.620,6759.0,200
757,7.560,6816.0,200
760,7.590,6787.0,200
761,7.600,6780.0,200
768,7.670,6720.0,200
772,7.710,6691.0,200
766,7.650,6735.0,200
762,7.610,6772.0,200
765,7.640,6742.0,200
771,7.700,6701.0,200
770,7.690,6695.0,200
767,7.660,6742.0,200
769,7.680,6724.0,200
764,7.630,6751.0,200
774,7.731,6680.0,200
775,7.740,6673.0,200
773,7.720,6685.0,200
776,7.750,6683.0,200
777,7.760,6669.0,200
779,7.780,6657.0,200
780,7.790,6653.0,200
781,7.800,6654.0,200
778,7.770,6667.0,200
782,7.810,6650.0,200
784,7.830,6631.0,200
786,7.850,6619.0,200
783,7.820,6634.0,200
787,7.860,6610.0,200
788,7.870,6602.0,200
785,7.840,6647.0,200
789,7.880,6601.0,200
793,7.920,6588.0,200
791,7.900,6596.0,200
792,7.910,6583.0,200
794,7.930,6574.0,200
790,7.890,6618.0,200
795,7.940,6568.0,200
796,7.950,6578.0,200
799,7.980,6553.0,200
798,7.970,6555.0,200
797,7.960,6568.0,200
803,8.020,6521.0,200
800,7.990,6552.0,200
802,8.010,6540.0,200
801,8.000,6542.0,200
804,8.030,6524.0,200
807,8.060,6496.0,200
805,8.040,6516.0,200
806,8.050,6502.0,200
808,8.070,6506.0,200
811,8.100,6489.0,200
812,8.110,6483.0,200
809,8.080,6499.0,200
810,8.090,6494.0,200
813,8.120,6471.0,200
815,8.140,6458.0,200
814,8.130,6466.0,200
816,8.150,6452.0,200
818,8.170,6428.0,200
817,8.160,6443.0,200
819,8.180,6418.0,200
836,8.350,6232.0,200
820,8.190,6416.0,200
821,8.200,6406.0,200
825,8.240,6229.0,200
833,8.320,6229.0,200
840,8.390,6221.0,200
822,8.210,6393.0,200
829,8.280,6224.0,200
830,8.290,6237.0,200
837,8.360,6233.0,200
841,8.400,6216.0,200
828,8.270,6228.0,200
823,8.220,6231.0,200
831,8.300,6233.0,200
824,8.230,6226.0,200
839,8.380,6234.0,200
827,8.260,6230.0,200
832,8.310,6254.0,200
846,8.450,6184.0,200
838,8.370,6245.0,200
842,8.410,6214.0,200
845,8.440,6196.0,200
848,8.470,6166.0,200
849,8.480,6159.0,200
843,8.420,6202.0,200
850,8.490,6151.0,200
857,8.560,6092.0,200
855,8.540,6108.0,200
854,8.530,6114.0,200
859,8.580,6075.0,200
847,8.460,6178.0,200
834,8.330,6230.0,200
861,8.600,6061.0,200
826,8.250,6232.0,200
853,8.520,6126.0,200
866,8.651,6019.0,200
858,8.570,6082.0,200
856,8.550,6103.0,200
863,8.620,6041.0,200
869,8.680,5996.0,200
852,8.510,6134.0,200
851,8.500,6142.0,200
860,8.590,6076.0,200
862,8.610,6050.0,200
864,8.630,6036.0,200
844,8.430,6202.0,200
865,8.640,6020.0,200
867,8.660,6012.0,200
868,8.670,6006.0,200
870,8.690,5990.0,200
835,8.340,6229.0,200
872,8.710,5970.0,200
871,8.700,5970.0,200
873,8.720,5961.0,200
875,8.740,5945.0,200
876,8.750,5933.0,200
874,8.730,5955.0,200
877,8.760,5930.0,200
878,8.770,5925.0,200
879,8.780,5916.0,200
883,8.820,5879.0,200
881,8.800,5899.0,200
880,8.790,5911.0,200
884,8.830,5872.0,200
882,8.810,5894.0,200
885,8.840,5870.0,200
887,8.860,5852.0,200
886,8.850,5863.0,200
888,8.870,5841.0,200
890,8.890,5827.0,200
889,8.880,5838.0,200
891,8.900,5821.0,200
894,8.930,5794.0,200
892,8.910,5812.0,200
893,8.920,5808.0,200
896,8.950,5779.0,200
895,8.940,5790.0,200
897,8.960,5772.0,200
898,8.970,5763.0,200
900,8.990,5748.0,200
901,9.000,5737.0,200
902,9.010,5728.0,200
899,8.980,5756.0,200
904,9.030,5714.0,200
909,9.080,5668.0,200
908,9.070,5674.0,200
906,9.050,5695.0,200
903,9.020,5718.0,200
910,9.090,5658.0,200
907,9.060,5685.0,200
911,9.100,5650.0,200
905,9.040,5701.0,200
913,9.120,5628.0,200
912,9.110,5641.0,200
917,9.160,5591.0,200
914,9.130,5625.0,200
916,9.150,5603.0,200
915,9.140,5615.0,200
921,9.200,5556.0,200
918,9.170,5586.0,200
919,9.180,5564.0,200
920,9.190,5567.0,200
927,9.260,5504.0,200
922,9.210,5544.0,200
923,9.220,5540.0,200
929,9.280,5487.0,200
928,9.270,5494.0,200
924,9.230,5534.0,200
933,9.320,5449.0,200
926,9.250,5513.0,200
925,9.240,5525.0,200
930,9.290,5479.0,200
932,9.310,5458.0,200
931,9.300,5468.0,200
934,9.330,5442.0,200
935,9.340,5433.0,200
939,9.380,5395.0,200
937,9.360,5415.0,200
936,9.350,5421.0,200
940,9.390,5383.0,200
941,9.401,5377.0,200
943,9.420,5356.0,200
944,9.430,5351.0,200
938,9.370,5406.0,200
942,9.410,5370.0,200
945,9.440,5336.0,200
948,9.470,5311.0,200
946,9.450,5333.0,200
950,9.490,5290.0,200
951,9.500,5286.0,200
947,9.460,5321.0,200
955,9.540,5245.0,200
949,9.480,5302.0,200
954,9.530,5255.0,200
952,9.510,5276.0,200
956,9.550,5237.0,200
958,9.570,5218.0,200
957,9.560,5221.0,200
953,9.520,5268.0,200
959,9.580,5209.0,200
962,9.610,5182.0,200
960,9.590,5202.0,200
961,9.600,5189.0,200
967,9.660,5131.0,200
971,9.700,5097.0,200
966,9.650,5145.0,200
964,9.630,5165.0,200
968,9.670,5128.0,200
970,9.690,5106.0,200
963,9.620,5173.0,200
969,9.680,5119.0,200
965,9.640,5156.0,200
972,9.710,5090.0,200
974,9.730,5074.0,200
979,9.780,5024.0,200
980,9.790,5015.0,200
986,9.850,4961.0,200
973,9.720,5081.0,200
975,9.740,5062.0,200
976,9.750,5051.0,200
982,9.810,4996.0,200
978,9.770,5031.0,200
977,9.760,5042.0,200
983,9.820,4988.0,200
981,9.800,5007.0,200
992,9.910,4905.0,200
988,9.870,4940.0,200
987,9.860,4953.0,200
984,9.830,4979.0,200
985,9.840,4971.0,200
990,9.890,4924.0,200
993,9.920,4897.0,200
996,9.950,4864.0,200
1000,9.990,4832.0,200
989,9.880,4932.0,200
994,9.930,4886.0,200
995,9.940,4873.0,200
997,9.960,4858.0,200
998,9.970,4854.0,200
999,9.980,4842.0,200
991,9.900,4914.0,200
